brand,color,type,cost,marked_price
Calvin Klein,Pink,Sweater,274.03068135086016,294.7860651443615
Dior,Green,Sweater,246.86218927005964,221.64134194106873
Dior,Black,Skirt,427.1814047632711,200.6494189677996
Adidas,Red,Polo Shirt,53.444685826781246,95.32807065238782
Nike,Black,Slippers,136.99860470019112,183.74846642386535
Chanel,Red,Skirt,424.6853268636024,380.2112181604617
Dior,White,Gloves,255.80272603361612,300.5672718072946
Burberry,Yellow,Scarf,293.47972222683353,298.8238626708909
Prada,Orange,Boots,345.0777094231323,268.4580822809251
Burberry,Black,Dress,307.48760539031343,209.332732685278
H&M,Black,Dress,64.19470768019119,108.06393712410032
Armani,Pink,Hat,232.13844369712064,202.44318027840637
Under Armour,Orange,Jacket,52.989697735352095,155.4316092758576
Reebok,Green,Sandals,287.3934847902094,254.54625079830657
Adidas,Brown,Dress,112.54099537508287,158.8474152325408
Versace,Purple,Shorts,311.04534343076847,356.11508969143074
Levis,Brown,Hoodie,224.84399141986316,230.0711385571255
Adidas,Yellow,Shoes,204.64362548590785,212.39517564207486
Versace,Blue,Socks,236.4214766970502,216.01950751105036
Puma,Green,Skirt,210.3039275746363,213.00426980799529
Versace,White,Sandals,594.549637815891,628.9835825768921
Versace,Red,Jeans,371.82829522309294,404.11434680512036
Levis,Brown,Jewelry,164.19405255143204,197.86251303104734
Dior,Pink,Shorts,595.4473832374713,441.9690851496754
Chanel,Red,Dress,498.8448050263947,201.85294809387221
Versace,Black,Hat,187.40943171942254,218.84635049333704
Lacoste,Blue,Sweater,116.62217869299131,169.53122592721334
Puma,Red,Bra,94.96494117561437,114.05939673967208
Puma,Orange,Boots,155.65500593406188,189.43836149583558
Prada,Red,Bra,138.65888246989797,190.84556550822245
Lacoste,Purple,Gloves,226.25367597742286,269.1810485815304
Calvin Klein,Orange,Dress,311.33303732158515,313.165677723163
Levis,Pink,Shoes,201.39777273051806,201.18772425489402
Chanel,White,Bra,166.16595493226455,199.55837224342525
Lacoste,Yellow,Hat,147.3731992784144,186.8966494755677
Adidas,Yellow,Bra,84.42669130740563,176.11279478389736
Calvin Klein,Orange,Underwear,186.25547048417718,208.13152344028674
Zara,Black,Bra,29.626124268460398,97.93002459145721
Chanel,Purple,Sandals,334.65369439086203,249.0692090461316
Levis,Brown,Hat,81.82407697675632,137.06446686703248
Reebok,Blue,Dress,253.4746919135656,247.59891233233412
Adidas,Brown,Scarf,63.130663855107024,190.68694243844325
Nike,Brown,Slippers,134.57805616827136,177.56301059432326
Under Armour,Black,Shorts,150.45260386055492,184.85177360087934
Zara,Brown,Polo Shirt,62.74910534107612,108.7817850030273
Nike,Red,T-Shirt,97.3716259910887,143.48918074345428
Lacoste,Orange,Bra,187.98790637835026,224.37553651761505
Under Armour,Green,Jeans,109.82008988805535,137.43134701924623
Chanel,Black,Jacket,455.3449405150887,409.59283440767683
Nike,Blue,Skirt,147.5773817633189,186.60169163327976
Nike,Purple,Slippers,125.02025320762785,158.9660231846106
Gucci,Pink,Jeans,366.84640722220524,406.05538706808056
Versace,Pink,Dress,260.25658695716197,250.09141958815496
Adidas,Green,Jeans,85.00009632965242,173.2270251718644
Tommy Hilfiger,Blue,T-Shirt,225.04132636575173,200.12000302968647
Puma,White,Skirt,232.0749190286317,251.04829345761286
Levis,Blue,Bra,138.701233481699,183.43446457944214
Under Armour,White,Boots,228.3454385627219,218.38808657335608
H&M,White,Dress,59.54597845506651,106.90226984693899
Ralph Lauren,Green,Hat,177.42404814349126,200.99532933408847
Reebok,Pink,Sweater,203.18612693339009,219.26062438775352
H&M,Red,Hat,19.79591216766297,73.17772675311991
Tommy Hilfiger,Pink,Scarf,201.38280196329276,225.8651118316192
Lacoste,Red,Socks,107.00814338222575,159.9365961256073
Armani,Orange,Polo Shirt,388.5217039893747,341.7060022261263
Nike,White,Hat,34.999234689014315,53.93012543121354
Reebok,Brown,Jewelry,119.15864423198849,188.86478394569804
Armani,Purple,Gloves,153.7592911458034,188.924413498665
Nike,White,Socks,49.956535811455936,132.5564229077057
Reebok,Orange,Socks,60.83200391380017,140.67769754368783
Chanel,Red,Bra,274.3696148571067,246.0506271509963
Nike,Pink,Polo Shirt,34.92683509907778,179.03025085095408
Prada,Black,Sandals,599.4761717033203,273.899562596511
Under Armour,Red,Boots,186.66852159451525,200.0896988076098
Chanel,Black,Scarf,208.62772166049135,243.94302215505763
Prada,Blue,Skirt,336.0773338280131,243.23122745318304
Reebok,Black,Slippers,143.46169733712156,179.84489222771697
Levis,Blue,Jeans,180.31591800186612,215.1845988990978
Gucci,Pink,Shoes,356.71764667852676,207.05363329947681
Levis,Yellow,Bra,115.8644804876646,186.92791281440992
Versace,White,Jewelry,259.0068776964003,205.44615924923562
Prada,Red,Socks,257.96323319676515,251.07072251327094
Zara,Blue,Hoodie,41.087691810210934,160.41993831022512
Levis,Black,Gloves,132.35752337356752,163.3770001136727
Dior,Yellow,Skirt,345.3574930137039,298.6903393235336
Prada,White,Hoodie,328.4846894673571,232.2855230131269
Reebok,Black,Underwear,130.18376087678797,193.87662216538192
Puma,Pink,Bra,94.74523013546346,162.26756453579785
Zara,Yellow,Dress,46.697610685992366,107.50489566114308
Gucci,White,Slippers,448.9963202339982,220.26477951686866
Lacoste,Brown,Jewelry,194.0896594800671,217.02454837540307
Chanel,Purple,Jeans,422.60791613596876,365.5145750347124
Prada,Brown,Jeans,182.9393758891538,215.11831368843167
Nike,Yellow,T-Shirt,70.52743721534361,156.5049259938022
H&M,White,Dress,49.28041570281026,175.847318787953
Tommy Hilfiger,Yellow,Jacket,118.10248661960505,158.84729385142518
Adidas,White,Shoes,81.58967435131945,147.57972468928176
Gucci,Green,Hoodie,233.09174003915473,217.95978028709868
Tommy Hilfiger,Blue,Bra,177.09097403219297,207.66829479065902
Ralph Lauren,Yellow,Gloves,148.50041349535783,194.86389200506687
Puma,Red,Bra,72.80469608250375,188.6920970649382
Lacoste,Orange,Jacket,260.69164267752006,304.64433361606865
Burberry,Green,Boots,611.3794735346061,460.5167498890302
Chanel,Blue,Sandals,432.99836117603627,219.1663546059345
Armani,Purple,T-Shirt,224.38865787658443,261.9946080960373
Calvin Klein,White,Jacket,260.6928375302775,251.18863879210025
Chanel,Red,Dress,409.153719925317,319.52899595556937
Puma,Yellow,Jacket,148.52244880705848,199.59009983736988
Tommy Hilfiger,Black,Sandals,294.9997773327558,326.33691680324625
Gucci,Orange,Slippers,345.01962007148245,373.1893523887635
Burberry,Orange,Bra,214.06146886933323,224.88257497176969
Zara,Purple,Scarf,36.627553976661865,175.58368356614437
H&M,Yellow,Hat,20.34072328725967,177.7565912287506
Nike,Pink,Sweater,71.98787566871376,121.00864864113319
Dior,Red,Dress,545.9434528117392,272.7547065746907
H&M,Yellow,Scarf,10.419472732917392,105.61352892480903
Armani,Pink,Skirt,437.81977140916314,392.69272088495734
Puma,Yellow,Hat,96.93635453088025,160.07305661828119
Armani,Yellow,Skirt,193.205155379429,213.3409933726597
Zara,White,Jacket,27.257559393724442,67.2740825130683
Chanel,Yellow,Jewelry,230.7589136861384,216.87628875656213
Levis,Yellow,Boots,309.67947025250106,260.57389959351514
Ralph Lauren,White,Jewelry,111.70636083282092,161.83046576871703
Chanel,Purple,T-Shirt,308.353131841714,257.40072049039867
Versace,Brown,Socks,144.2782144078332,193.2306082078738
Reebok,White,Shoes,234.47599064315952,243.24386325761188
Adidas,Red,T-Shirt,68.48920783895473,138.67784903080036
Under Armour,Yellow,T-Shirt,82.03869956621779,153.29048862409874
Gucci,Black,Dress,199.70940426789778,236.8656209869233
H&M,Green,Jeans,38.20486149235977,193.032554001429
Levis,Red,Shoes,309.1199287431609,360.03142252344855
Adidas,Brown,Sandals,274.21229057678266,293.4135343924052
Calvin Klein,Blue,Shoes,321.0624865015264,310.8493407893968
Under Armour,Purple,Hoodie,105.04254152850774,130.34954146576064
H&M,White,Scarf,5.671723300506177,81.08308274011105
Zara,Blue,Slippers,30.684961913562702,195.93602988327777
Versace,White,Hoodie,210.9504921619774,239.69399445213082
Gucci,Yellow,Jacket,337.2423968550711,302.8785051309271
Adidas,Orange,Jeans,111.44772882350155,159.11572839669205
Zara,Pink,Shoes,95.09780207563634,139.41632253463274
Prada,Brown,Dress,263.4168758213323,232.6282724751074
Nike,Orange,Shorts,103.39106222711064,173.14196191691724
Calvin Klein,Red,Jeans,406.9411724136495,254.68779095788946
H&M,White,Sandals,84.9717273155559,172.0712142086658
Reebok,Blue,Jewelry,82.13625255379421,173.7316495089932
Prada,Orange,Hoodie,355.0932908131632,207.25013240278355
Reebok,Brown,Gloves,85.96002354545783,146.62608154445974
Zara,Red,Shoes,143.61308098452756,191.39015155949247
Nike,Brown,Boots,55.15470725263442,94.67653832797544
Dior,Purple,Gloves,321.22638923312877,324.4974936161146
Gucci,Green,T-Shirt,250.33933631499858,255.2827037947808
Reebok,Black,Sandals,228.4042962384393,256.40026999165235
H&M,Brown,Socks,19.569760226857852,125.55242950772457
Prada,Purple,Dress,199.19444073510823,218.0854775848648
Adidas,Pink,Polo Shirt,89.8690588566497,152.50024542774145
Nike,Black,Slippers,123.38473391530638,195.75252615097094
Calvin Klein,Brown,Sandals,532.9773220657419,334.3900101237043
Prada,Yellow,Sandals,631.265308653045,435.03960119549214
Calvin Klein,Blue,Scarf,129.04960883816634,162.92117133306337
Puma,White,Boots,214.2215067146032,254.27053194860227
Burberry,Red,Hoodie,332.4982850480078,218.31931557094782
Reebok,Black,Dress,208.24923521629484,214.90529282338744
Armani,Brown,Boots,296.28676166774085,244.87949729038127
Chanel,Black,Skirt,212.0104996964005,221.42831632607223
Levis,Yellow,Jewelry,158.83441047375896,198.65236723761606
Tommy Hilfiger,Brown,Underwear,167.06842095364306,200.27593385228295
Levis,White,Sweater,120.360988222288,145.22097558395896
Prada,Yellow,Slippers,251.12507827560066,298.26116779293346
Reebok,Green,Slippers,305.3216549291691,274.1163048506559
Puma,Pink,Gloves,50.563345032050826,168.05718031723958
Lacoste,Pink,Bra,101.0308213158474,139.86794372940903
Puma,Orange,Polo Shirt,75.73694750839624,123.08138616473951
Levis,Green,Shorts,194.7600286710951,230.52571368029487
Adidas,White,Sweater,148.27245317536426,187.4395847308598
Adidas,Black,Dress,132.3822466144507,178.19999380591207
Nike,Yellow,Shorts,62.372717735101304,157.93810247185627
Ralph Lauren,Blue,Shoes,121.46508675355842,152.49894134491268
Chanel,Red,Sweater,426.7444010036152,333.6917635103605
Nike,Purple,Socks,40.85363119849441,62.37023354162007
Levis,Brown,Shorts,269.84074025577775,200.60563896290978
Burberry,White,Polo Shirt,410.7493006338816,395.7221077440515
Zara,Black,Gloves,46.66804303737389,188.27334175011705
Burberry,White,Hoodie,246.46218089335736,284.25452978975807
Zara,Brown,Hat,27.3307420327253,54.414874051320325
Zara,Red,Scarf,29.378292809222984,167.8929158481775
Adidas,Red,Sweater,115.05820681902894,190.15851396668256
Adidas,Yellow,Sandals,194.018974313792,217.41392024042435
Prada,Pink,Scarf,138.48210505311138,179.92624750103514
H&M,White,Gloves,15.746907598834387,56.494788175835396
Burberry,Black,Dress,234.21734708459465,254.89975318746792
Chanel,Orange,Sweater,490.36352705196214,504.8740938660758
Levis,Pink,Skirt,128.44194949473763,196.87699385353528
Zara,Orange,Polo Shirt,22.219453435320297,173.54312030763967
Nike,Red,Jeans,118.11833877937306,145.47959318221066
Nike,Blue,Underwear,38.03626214976991,161.6440530305449
Adidas,Orange,Shorts,92.98979882823548,196.06072558035063
Tommy Hilfiger,Green,T-Shirt,124.69780740727859,160.4075551656021
Levis,Purple,Sweater,180.48787832291296,206.19169511518123
Zara,Blue,Scarf,45.899865320552934,152.70886717006232
Zara,Pink,T-Shirt,27.83038887704553,84.04929457519988
Nike,Green,Jeans,92.19412357628985,171.31345927957258
Versace,Pink,Slippers,248.7673105006299,229.2722606623173
Burberry,Black,Hoodie,204.2560126779341,206.84839401396204
Ralph Lauren,Brown,Slippers,193.65932712666321,209.3361592219918
Tommy Hilfiger,Orange,Boots,173.53431866044494,204.75245217263242
Prada,Yellow,Gloves,138.85206299853306,198.86645933926582
Nike,Purple,Hoodie,82.38719171063991,174.55767414834918
Lacoste,Yellow,Boots,516.2273064125609,285.6130655296925
Lacoste,Blue,Bra,212.67089587207033,237.61370298690557
Dior,Black,Shorts,541.4064941700374,253.3836620093797
H&M,Pink,Scarf,26.947865717353604,109.14434406861034
Under Armour,Red,Gloves,51.83730130876698,69.28740883448471
Tommy Hilfiger,Yellow,Bra,168.37476527129178,201.20438393631045
Adidas,White,Socks,93.71256848832039,169.5076183544968
Under Armour,Orange,Polo Shirt,75.88233054698543,184.04440222730477
Adidas,Yellow,Shorts,182.35426688352084,205.57371738352722
Nike,Red,Jacket,33.056503155625265,173.4305318512983
Chanel,Red,Socks,236.48790378838072,259.5516815566977
Reebok,Pink,Dress,154.12691905109585,191.3094130076127
Lacoste,Brown,T-Shirt,160.95476853724733,198.54603452742563
Gucci,Green,Boots,195.48008276588683,215.98913445600246
Reebok,Yellow,Jeans,226.87058315711693,242.08530371005318
Dior,Yellow,Sweater,474.73417416615774,298.6176068464351
Tommy Hilfiger,Green,Gloves,218.4006900616016,201.2507184920728
Nike,Yellow,Sandals,114.64837628008424,197.1382845263239
Gucci,Brown,Gloves,165.17970925105905,198.5691935224011
Lacoste,Orange,Sandals,351.660688855028,368.2969429047272
Ralph Lauren,Orange,Underwear,97.75119006100168,162.83703616590302
Burberry,Pink,Polo Shirt,369.4923006063334,275.96230719333823
Gucci,Red,Scarf,172.18201927653956,201.32832608002425
Tommy Hilfiger,Brown,T-Shirt,123.06617840662817,192.89739240698069
Tommy Hilfiger,Orange,Boots,174.01429893524755,202.14272478647553
Calvin Klein,White,T-Shirt,334.7713473256014,366.29208459074306
Armani,Orange,Hat,192.7511209623477,211.63309117688163
Under Armour,Purple,Bra,68.23938575371804,109.81511368206637
Puma,White,Sandals,224.18379522518177,203.44510513072498
Dior,Pink,Scarf,231.36015880895462,262.5231400690298
Tommy Hilfiger,Purple,Boots,175.33275755820597,201.6490027520792
Zara,White,Dress,39.1805321081426,167.49414501619393
Burberry,Orange,Shoes,549.3330131620025,631.573994629541
Nike,Pink,Hoodie,51.14156299056604,146.34665722669916
Adidas,Green,Dress,194.00598758092463,207.4887674455302
Gucci,Blue,Hoodie,154.97668223888357,191.81505025766336
Zara,Black,Boots,85.6060114841994,170.46856170580764
Nike,Blue,Polo Shirt,80.99144711463498,154.8693052754056
Burberry,White,Hoodie,304.17488299617685,312.05281411911557
Versace,Brown,Socks,217.9580775185883,219.33452962690615
Nike,Yellow,Sweater,92.39382648889314,146.52827449693282
Calvin Klein,Blue,Skirt,395.1450035926241,424.6848878131897
Reebok,Red,Hoodie,207.69892452332084,214.4374841277734
Puma,Purple,Dress,186.30762733645756,207.79957453136885
Reebok,Orange,T-Shirt,166.49441033954923,199.8805101381706
Adidas,Purple,Sweater,145.27775318281175,191.36367016955631
Levis,Brown,Polo Shirt,170.46185559680427,203.07882628374716
Puma,Blue,T-Shirt,171.7967792923591,203.81681890116099
Tommy Hilfiger,Black,Bra,105.80780149565405,130.61131534717848
Nike,Green,Underwear,37.321622028205226,174.91645282268527
Puma,Black,Bra,69.66143619418023,133.71875986297698
Under Armour,Pink,Boots,142.3004381424247,199.08060778828963
Under Armour,Purple,Dress,84.48116016971993,139.3200643244944
Armani,Brown,Jeans,389.84697728970855,378.2375444598415
Adidas,Purple,Sweater,72.6595947047819,127.28105695373688
Levis,Purple,Skirt,169.82234331364407,201.26477687772734
Tommy Hilfiger,Green,Bra,112.67853309039268,136.70960725051566
Calvin Klein,Red,Boots,212.5890081520522,232.58842661372194
Nike,Brown,Shorts,121.94649666270182,164.78899889692437
H&M,Purple,Dress,34.82983229421809,159.62215708663916
Chanel,Red,Bra,236.61370315675254,236.17789606652642
Tommy Hilfiger,Brown,Shorts,151.89311534206075,198.68977365630056
Lacoste,White,Jeans,379.66117110362995,346.2367576877581
Nike,Red,Dress,83.64727471492651,163.7327450416947
Armani,Orange,Gloves,253.80069696701742,236.93123675136744
Lacoste,Orange,Hat,246.7882020408445,218.34220348073188
Lacoste,Purple,Jewelry,133.76750516083695,193.40558844810226
Versace,Blue,Sweater,151.51537354699786,195.89394927953333
Armani,Purple,Jeans,325.42799757347643,344.48780789890327
H&M,Orange,Shoes,46.247140440988545,125.5199366231493
Armani,Green,Jewelry,174.3607927486255,205.42466670733168
Chanel,Green,Socks,265.2789614738892,271.5842873978153
Under Armour,Red,T-Shirt,86.47032132846496,113.78096147993648
Chanel,Blue,Socks,264.50823114571256,302.88055284460444
Tommy Hilfiger,Pink,Skirt,316.30583070777266,351.5946462124747
Tommy Hilfiger,Red,Socks,167.1100158959983,200.20161601590704
Lacoste,White,Hoodie,133.66288607092082,178.34102837133628
Reebok,Red,Skirt,163.50968586732586,199.43391074707552
Gucci,Orange,Dress,280.6941403418592,318.96197394292636
Under Armour,Orange,T-Shirt,88.51834778265732,171.18522607984596
Calvin Klein,Blue,Hat,152.26012902675754,184.73227021601915
Under Armour,Black,Dress,147.39211174799567,192.8252614375851
Prada,Blue,Socks,183.01925592644295,209.5675389113994
Dior,Yellow,Socks,181.53788240941458,212.58799853830573
Nike,Black,Hoodie,99.03552010010601,199.17259899284016
H&M,Brown,Polo Shirt,45.574284207417335,90.99536370355003
Nike,Orange,Jewelry,43.903781389353284,72.90882179976586
Under Armour,Brown,Socks,73.62298971560836,195.83891360181076
H&M,Purple,Shorts,45.53310532855254,104.88699189590794
Versace,Pink,Socks,187.28962603383832,220.61331276640087
Adidas,Blue,Sweater,114.98032071246769,141.0861380942826
Zara,Yellow,Boots,92.00937971892364,126.22356790078696
Prada,Pink,Hat,142.00818879444358,192.78331429797794
Zara,Pink,Skirt,48.59624277277731,66.69830275063327
Calvin Klein,Blue,Boots,444.87334528290063,414.49510927281716
Puma,Black,Scarf,154.90977593391943,187.83849307268957
Adidas,Blue,Hoodie,133.25376100596958,177.70475005546112
Gucci,Black,Socks,173.2971294310172,200.54966694738727
Under Armour,Blue,Boots,201.7226808409993,221.09309065971703
Under Armour,Green,Hoodie,100.54552468064793,134.1973515030832
Chanel,Green,Jacket,278.90066143848867,272.27511900921746
Reebok,Red,Socks,97.02404138500889,135.8040331503915
H&M,Orange,Dress,44.725398457154014,197.72148826910754
H&M,Orange,Boots,25.28102981665488,136.32876199055795
H&M,Blue,Shorts,39.49998021641972,188.04927481908808
Under Armour,Blue,Polo Shirt,99.67512719843936,164.92070390476658
Lacoste,Brown,Hat,204.3908875480368,241.776529853904
Under Armour,Pink,Sweater,114.01677498349149,172.75783094944302
Calvin Klein,Red,Sweater,126.18902208733599,170.735867423287
Armani,Brown,Underwear,153.5092453346153,199.6311190662028
Zara,Orange,Sweater,50.14245579795371,151.469653289677
Calvin Klein,Blue,Polo Shirt,349.80559795392026,358.9497148048216
Versace,Green,Jewelry,157.93850327594294,198.85012506167374
Levis,Green,Boots,341.36162627654994,263.3244020379426
H&M,Blue,Scarf,27.333978180366955,98.95673289763616
Nike,Yellow,Skirt,60.28813171750296,183.94680401707586
Tommy Hilfiger,Blue,Sweater,120.17821876193817,194.39355019788016
Adidas,Black,Sweater,102.73869917408189,143.5958442788384
Prada,Green,Shoes,575.6361430360969,580.5982520271087
Reebok,Red,Underwear,92.90754952734902,152.31453922097643
H&M,Yellow,Dress,21.984485009583597,159.73500787525344
Armani,Green,Sweater,345.3542720577044,206.70195868782278
Under Armour,Blue,Sweater,72.41304140920545,161.99595853268136
Nike,Orange,Jeans,135.31747089700644,178.8804146010252
Burberry,Brown,Boots,258.9191349753614,281.35043931334525
Prada,Orange,Dress,307.2428480804405,341.509990562708
Puma,Purple,Skirt,180.09748779584544,205.237538850903
Armani,Pink,Shoes,238.38333813755392,224.0496523974463
Nike,Brown,Jeans,93.86900328558916,160.90801538047282
Versace,Pink,Polo Shirt,252.07456872190278,289.3812798123142
Dior,Orange,Bra,315.77867845452647,348.23671300322593
Ralph Lauren,Red,T-Shirt,241.04297688828404,282.90829803807384
Tommy Hilfiger,Blue,Hat,156.75275610010473,191.8021187608259
Levis,Pink,Hat,152.23538864152073,190.67131954556174
Levis,Brown,Polo Shirt,124.01340924503398,152.2710026283612
Calvin Klein,Blue,Slippers,555.0234862539553,348.01131447078467
H&M,Yellow,Slippers,96.2882598081232,172.40005722992984
Reebok,Yellow,Gloves,80.63257429496855,127.33787211181473
Zara,White,Gloves,20.098359030506717,62.02296998402346
Reebok,Yellow,Underwear,83.54506044906401,100.60026058285018
Levis,Orange,Jeans,135.1503058663327,194.2786397365057
Tommy Hilfiger,Red,Skirt,129.87134928527922,158.74052394122182
Prada,Purple,Socks,144.93247133586627,179.08845366936623
Nike,Blue,Jeans,112.90501883513613,146.1404714735018
Dior,Yellow,Underwear,235.49564683302648,243.94604691422686
Chanel,Green,Scarf,356.67934243745225,231.69644421744593
Lacoste,Red,Skirt,319.6915773261215,207.1676060854943
Burberry,Orange,Shorts,480.6383278430541,236.25433848624618
Nike,Pink,Bra,26.380697781771126,195.72563428689293
Chanel,Brown,Underwear,272.7327933009541,276.0239281915134
Nike,Yellow,Gloves,63.62885520247094,90.16540296190546
Nike,Orange,Boots,140.96727053153043,192.85431473734707
Lacoste,Red,Slippers,487.19407984867087,397.23232096001755
Puma,Pink,Hoodie,94.89152720865329,124.84655119686462
Calvin Klein,Green,Slippers,443.94183874621973,481.2427705584645
Calvin Klein,Blue,Underwear,130.0517122935132,169.92324554757508
Levis,Purple,Underwear,93.05062384880935,134.071755926257
Dior,Purple,Scarf,391.09289449790344,267.81102207373283
Under Armour,Black,Skirt,173.5917802285064,203.75495095992517
Burberry,Black,Bra,230.5240053084405,276.57747871469957
Reebok,Blue,Jewelry,92.90342050820843,152.05396276394535
Reebok,Black,Underwear,72.74032453030696,148.38701656131855
Chanel,Yellow,Gloves,189.27628699319,214.55109076306974
Under Armour,Red,Socks,77.02172238352031,106.84061618348512
Ralph Lauren,Red,Underwear,129.55271378669735,170.6087195998023
Gucci,Green,Underwear,188.69777528009635,209.72674311542625
Prada,Purple,Sandals,309.8463847831438,205.80957573072104
Armani,Brown,Jeans,248.26730047068423,262.6434402274561
Puma,Green,Polo Shirt,95.08822567658602,142.56472182843953
Zara,Pink,Underwear,13.753449842098625,101.75490753003798
Under Armour,Red,Underwear,31.963523234491436,140.6369115124854
Zara,Pink,Sandals,48.68036866418244,93.6924274081031
Ralph Lauren,Brown,Sweater,258.8880050815601,274.7932317927224
Armani,Orange,Hoodie,224.90234066092796,238.54296327199972
Burberry,Red,Slippers,692.9205479511461,809.8433834138142
Chanel,Purple,Boots,262.3318516127424,238.49427882037418
Zara,Red,Shorts,49.076194180587365,132.85344118765508
Zara,Red,Gloves,38.60995100132098,127.14982456212681
Calvin Klein,Orange,Dress,262.8331281507848,309.8105005389625
Levis,Yellow,Jeans,171.04197883243205,203.34810812031887
Lacoste,Blue,Gloves,159.04673617590822,195.8594093509869
Chanel,Blue,T-Shirt,270.5694738286371,204.42528583817403
Nike,Brown,Underwear,45.91395409912846,102.92556202661427
Nike,Blue,Hat,37.64528570480823,195.1850568607653
Chanel,Yellow,Polo Shirt,215.04044502328492,250.7564601160247
Nike,Blue,Jacket,95.75268785247249,165.48366341258398
Adidas,Green,Hoodie,79.21762116107347,110.8175732139578
Prada,Red,Jacket,206.48660397039373,247.49390991471915
H&M,Blue,Hat,23.294353167176514,156.04149561362166
Dior,Orange,Shorts,387.96740864114986,202.74240482837547
Reebok,Orange,Shoes,203.8123635870866,215.02449991058722
Reebok,Yellow,Bra,132.89125696661694,186.56638214097228
Under Armour,Black,Slippers,135.59897156766198,177.72336853905912
Puma,Red,Jacket,155.5767136882464,196.13852423109134
Gucci,Purple,Bra,143.57131013377744,190.42077046348325
Gucci,Orange,Shoes,452.1831550357268,400.22679964289085
H&M,Black,Sweater,39.6364748093429,141.6683379426492
H&M,Red,Underwear,7.319648847738138,140.9682347833636
H&M,White,Underwear,10.038066478956171,66.17875450012701
Chanel,Black,Underwear,328.0222878533027,342.7897248137397
Nike,Brown,Slippers,81.60199251227056,107.94122015961192
Burberry,Blue,Polo Shirt,296.40761112480317,207.1806194569809
Levis,Brown,Slippers,382.7623547742717,321.3991617918886
Zara,Green,Sandals,74.51604803903766,137.9305440463503
Armani,Blue,Polo Shirt,476.6597889423453,379.2094197584106
Versace,White,Scarf,260.5609521060587,258.8352938470717
Zara,White,Dress,97.55026159016263,148.92740722460462
Armani,Red,Gloves,200.80977300707943,223.97175609622812
Tommy Hilfiger,Blue,Sweater,238.03198512253624,202.84144746572088
H&M,Orange,Bra,19.020484772607404,186.5446777442702
Reebok,Red,Sandals,339.7877061432432,361.49675810757094
Versace,Blue,Sandals,390.857356636048,271.2585419115993
Armani,Yellow,Bra,197.69849884901737,218.29369893815363
Lacoste,Red,Skirt,225.08492987890884,240.2305633166371
H&M,White,Underwear,8.958085559707417,134.3779688640758
Calvin Klein,Green,Sweater,311.0976570729996,247.64994172711562
Prada,Pink,Shorts,248.1772969614351,286.7527233716457
Gucci,Brown,Sandals,527.9169092728839,626.2076149566454
H&M,Green,Boots,48.581328004601374,123.6737531687387
Gucci,Yellow,Boots,577.8787491257499,594.0592905157503
Dior,Green,Gloves,419.9459904733686,267.81473825923763
Calvin Klein,Green,Underwear,140.9111045535201,179.98242614156385
Versace,Yellow,Jeans,314.5648758980882,351.2123082155026
Nike,Green,Skirt,141.35809570686297,194.69556895684627
Prada,Pink,Socks,254.8685188691187,282.62363106695625
Reebok,Green,Sandals,290.2545298723093,326.74942377079543
Armani,Orange,Jewelry,227.6411895499328,229.72775631236368
Prada,Red,Sweater,406.77486264200473,393.60689209788103
Calvin Klein,Purple,Gloves,278.1418190786971,202.33234921625257
Under Armour,Yellow,Shoes,107.42210963549903,153.93466940611697
Nike,White,Sweater,34.747908019480576,120.89242966704651
Nike,Red,Polo Shirt,77.52960905540596,199.07272428267612
Nike,Green,Slippers,130.07141772896568,191.15453653540928
Reebok,Orange,Gloves,178.06951969163757,212.3605397969029
Under Armour,Yellow,Bra,59.862389294086185,149.8955474852794
Lacoste,Blue,Bra,148.2978163421508,196.64105927766025
Under Armour,Orange,Hoodie,46.6551973334911,67.08001621397139
Levis,Pink,Shorts,111.24494849448897,195.8760386565255
H&M,Purple,Shoes,35.20459042267332,151.91474237229187
Burberry,Green,Socks,246.87746321108693,209.42309782189375
Versace,Pink,Jewelry,242.4614380621963,287.71649016522304
Nike,Blue,Bra,29.868125037228534,43.1557563231125
Dior,Orange,Socks,336.8089339339449,200.97182446446485
Under Armour,Blue,Boots,68.14351646410327,132.66452880439903
Lacoste,Blue,Scarf,192.63701278455858,226.9780377364254
Versace,Yellow,Underwear,168.8802960996908,200.35928397938554
Ralph Lauren,Green,Bra,110.94604120039588,151.14852919316513
Levis,White,Polo Shirt,221.3484155538696,226.66060591924028
Versace,Orange,Shorts,278.7831973659718,206.41159158512707
Levis,Brown,Polo Shirt,236.68339117740507,219.6543076292773
Lacoste,Green,Jewelry,123.46154558526132,155.00767135181832
Nike,Orange,Hoodie,97.58295490462446,187.70541931861146
Burberry,Brown,Boots,596.4177729131887,441.17967732039165
Puma,Black,Scarf,71.26296836083384,164.8448264461768
Prada,Red,Jacket,140.56197410154402,172.54192020256377
Levis,Green,Polo Shirt,119.58200684045728,161.64494940173626
Armani,Pink,Boots,294.11353975710375,285.1092887719467
Burberry,Orange,Polo Shirt,344.8683541565704,356.5797785275062
Dior,Blue,Hoodie,511.3230485917862,428.0018773418946
Lacoste,Red,Shorts,329.44556062018694,211.20354195096309
Versace,Orange,Jeans,302.69555555087084,207.659139673556
Levis,Brown,Shorts,218.97663063536746,219.52480507986502
Armani,Orange,Sandals,623.534527405553,261.71154682318684
Tommy Hilfiger,White,Jeans,190.43378383947427,204.1717993196082
Adidas,White,Dress,143.22878599379635,191.5417273323351
Levis,Yellow,Underwear,72.20363127258132,154.25508276409414
H&M,White,Hoodie,11.515867441494464,159.1901161821781
Armani,Red,Scarf,303.6356316343233,316.3687927838398
Lacoste,Purple,Shoes,163.44104414601267,196.4709535089589
Armani,Black,Sandals,398.5374005659673,460.8989708565293
Ralph Lauren,Black,Gloves,125.95215915572493,199.06717355012495
Burberry,Pink,Socks,332.4442006167578,342.8704462321439
Tommy Hilfiger,Yellow,Socks,169.28235266580668,202.51728907163366
Armani,Red,T-Shirt,184.84215573566286,217.7917870518129
Puma,Yellow,Dress,129.01286160695307,182.67624260811158
H&M,Purple,T-Shirt,17.3194835420307,99.34631205577945
Armani,White,T-Shirt,340.26084887886634,274.5403260545518
Chanel,Orange,Jewelry,201.749954392907,238.53380397716296
Prada,Pink,Underwear,154.23442306152984,197.82629694471967
Gucci,Purple,Sweater,339.1567425880003,381.4983980582851
Nike,Orange,Shoes,135.04139716871467,189.97400662856148
Adidas,Brown,Boots,189.88911428971352,226.9714071058818
Under Armour,Blue,Dress,144.86866528697675,199.4753845567242
Puma,Yellow,Polo Shirt,121.90663707153944,182.45299830890588
Versace,Red,Slippers,321.589197644881,304.716225662824
Prada,Brown,Shoes,582.405052618278,236.02013010831308
Reebok,Orange,Shoes,195.4536012130888,221.63397095654688
Lacoste,Green,Hoodie,205.9588653078772,230.03300223419703
Ralph Lauren,Yellow,Jeans,205.23744574481194,224.60546688548905
Puma,Yellow,Socks,68.88624572874777,190.7448259758781
Burberry,Purple,Hat,181.77554491307123,205.11115477215665
Gucci,Purple,Scarf,203.4252110795188,240.2301365978832
Chanel,Blue,Dress,353.93157101916836,412.16620738551205
Reebok,Red,Scarf,122.90245330266073,159.89918408297075
Under Armour,Green,Hoodie,81.94113196671154,175.44432490489905
Nike,Brown,Shoes,198.6702474239767,215.60042419850149
Tommy Hilfiger,Pink,Socks,145.8478606085753,199.8406649875746
Nike,Purple,Jacket,85.62693201772042,199.2069528677218
Reebok,Orange,Shorts,103.53017101410654,179.9939341686839
Dior,White,Jeans,228.57949526620376,235.74412102750853
Zara,Green,Gloves,34.64568404206819,141.58556345076204
Ralph Lauren,Green,Dress,323.7775272681008,287.900548184997
Reebok,Purple,Dress,203.27246970999215,225.5818229019048
Prada,Blue,Bra,240.0098152693845,275.59458483478716
Armani,White,Socks,225.8834253876164,219.10787744593128
Lacoste,Brown,Gloves,244.0683001558653,279.1719277406766
Nike,Brown,Gloves,64.40785942254458,139.69452027229707
Zara,Yellow,Jewelry,12.923315415661447,134.93804156914803
Prada,Pink,Jeans,213.9226825542952,255.79564552469796
Zara,Brown,Hat,11.559113744885895,148.17035667098514
Puma,White,Slippers,304.7354318879014,349.5583420892212
Ralph Lauren,Purple,Shoes,196.00462451802773,230.4519315029616
Under Armour,Orange,Jeans,127.93998178124073,181.8167947214956
Levis,White,Scarf,111.01127028985671,137.98554776416552
Gucci,Pink,Gloves,233.12832614401273,277.70052780781464
Ralph Lauren,Black,Jeans,263.4908085763392,273.8173153478553
Chanel,Orange,Sweater,290.7041664591728,227.3679872630744
H&M,Red,Skirt,44.21590029818197,166.96916626924173
Versace,Black,Socks,260.59412729213375,308.4804954020897
Zara,Blue,Sweater,43.07830499319307,137.66537653086226
Burberry,Green,Dress,215.57510806335011,228.12614439480865
Ralph Lauren,Orange,Gloves,124.15175062607977,172.25980855749424
Reebok,Red,Sweater,85.31457007296024,159.51870461260165
Under Armour,Green,Gloves,53.295204964382336,157.78831696754344
Nike,Red,Slippers,74.67489294314548,167.3633674051245
Puma,Green,Jewelry,89.48587375042351,172.64382972044095
Tommy Hilfiger,Yellow,Sandals,377.3784078324226,347.70501245055846
Zara,White,Dress,94.94282483207601,176.89026582902545
Lacoste,Orange,Jeans,213.10716180168555,236.7884292553228
Reebok,Purple,Hat,165.89606802289748,199.36369371141916
Dior,Green,Jacket,241.2421107416751,224.47395117460923
Puma,Brown,Skirt,184.8056310970261,219.69884347992942
Under Armour,White,Socks,41.59442243455465,106.10149931689602
Nike,Brown,Hoodie,47.54348855670639,64.00699885963434
Puma,Yellow,Polo Shirt,66.20591286227534,99.42673376703877
Puma,Black,Underwear,117.3520095376896,173.46572685020584
Nike,Brown,Socks,41.6634139885647,97.87602180574828
Calvin Klein,Orange,Socks,186.37685260090146,216.26335344296461
Tommy Hilfiger,Purple,Shoes,182.98341964617947,216.335953032121
Armani,White,Shoes,442.4408639106845,500.25559097633015
Nike,Brown,Jeans,139.03080813948947,174.65670870573592
Nike,Yellow,Jacket,40.794052615359234,101.7064559938912
Versace,Orange,Hat,219.92988468709768,230.37278183867545
Puma,Orange,Shoes,103.23470762683343,133.36877119330725
Reebok,Orange,Shorts,113.80068000070986,170.25836780227797
Armani,Brown,Bra,290.4252637286901,204.73682553373413
Chanel,Purple,Hat,324.8423903676752,281.82298142817734
Calvin Klein,Pink,Sandals,145.70094721869228,199.4937162599909
Lacoste,Pink,Scarf,121.3028253628106,158.0382975479837
Nike,Pink,Polo Shirt,41.28900726461467,82.90767608830527
Nike,Purple,Underwear,41.848906920793866,129.0327167375574
Versace,Brown,Slippers,278.928209906976,317.9370417116463
Chanel,Brown,Shorts,477.7742330449903,548.0457050498138
Zara,Green,Socks,17.578040708425632,121.9552514026741
Armani,Red,Jewelry,273.50446184579846,279.165928494845
H&M,Orange,Sweater,44.911166690632356,199.33361886856054
Nike,White,T-Shirt,85.44460544574405,188.15054244837484
Gucci,Green,Socks,163.9696174668022,197.77050735400204
Prada,Yellow,Jewelry,149.64097345520784,182.38941276045034
Versace,Black,Sandals,474.58256658093757,429.9158578890392
Gucci,White,Sweater,307.0338843261777,313.6954262530512
Under Armour,Purple,T-Shirt,40.76680836664156,107.0110267089687
Armani,Blue,Polo Shirt,444.49221330156445,405.7348974074139
Nike,Green,Sweater,67.85204744207407,83.36050087084868
Versace,White,Socks,268.549347056087,230.6449957068652
Chanel,Green,Jeans,342.4811201215787,338.2124273492429
Calvin Klein,Red,Gloves,191.43037234870422,203.71215841015626
Prada,Brown,Hoodie,168.45786928296883,200.29240111122914
Levis,Pink,Jewelry,111.70848342936898,160.58798301107703
Ralph Lauren,Pink,Sandals,360.4290379829664,293.26700354505135
Puma,Pink,Skirt,90.01033232995098,178.80344503735026
Armani,Purple,Boots,227.55873101409824,252.95304643828902
Prada,Blue,Hat,144.51077028682232,190.78708365645903
Versace,Orange,Skirt,358.2342928335279,422.79256923601116
Gucci,Green,Slippers,353.6582133992763,254.19247613184723
Reebok,Brown,Skirt,259.46426117073656,289.26784347952827
Adidas,Orange,T-Shirt,78.11463995152467,110.5452777243156
Gucci,Brown,Polo Shirt,309.714068642081,333.534122815471
Ralph Lauren,White,Boots,341.84118377599975,209.93805067848714
Chanel,Red,Sweater,354.5311653312697,390.1561435727532
Levis,Purple,Socks,125.28933884821163,153.2603682258098
Versace,White,Dress,354.07257791555605,406.0634745596344
Tommy Hilfiger,Brown,Jewelry,88.6184754556117,190.23295384148963
Gucci,Purple,Boots,455.7975170601854,273.12322423505304
Armani,Purple,Sweater,243.0625270371982,215.26916495241665
Under Armour,Blue,Skirt,143.5723839209453,198.20842177241076
Levis,Red,Gloves,173.49317594126467,203.15534986774855
Dior,Brown,Hat,391.57673009203097,240.8890368951841
Under Armour,Brown,Hat,93.4317437513333,145.6920084954201
Burberry,Yellow,Bra,326.0977429248468,365.1280036631149
Prada,White,Jacket,412.7107152353544,430.7270194330467
Puma,Black,Polo Shirt,88.71154995034541,127.68524267793715
Nike,Red,Dress,88.53861472133914,140.7083327820622
Dior,Purple,Hoodie,278.69619423911024,312.71108439813077
Tommy Hilfiger,Orange,Dress,248.92731040872584,215.7006679162674
Zara,Green,Sweater,68.08109989176006,134.88057335623486
Dior,Orange,Shorts,242.69164518475299,238.7715401097378
Nike,Red,Sandals,85.63437589239126,150.4623261375438
Tommy Hilfiger,Green,Sweater,228.4882113731218,249.20478995672056
Lacoste,Green,Bra,109.76728604473027,173.9207217912076
Ralph Lauren,White,Shoes,363.89023451291143,381.97113109276347
Calvin Klein,Yellow,Sweater,327.4605198093004,375.5153289306996
Under Armour,Purple,Dress,162.70173153196941,195.76893276992536
Burberry,Black,Polo Shirt,280.2962089298265,272.85396356463934
Ralph Lauren,Red,Sandals,168.66816201302865,201.42630184624454
Puma,White,Shoes,222.5626050271232,266.397786587159
Calvin Klein,Green,Gloves,276.6834688791735,267.4576993448957
Reebok,Black,Shoes,116.1644125925154,158.3161006957179
Nike,Brown,Sweater,42.05534112877578,153.49229997256074
Puma,Blue,Shoes,120.14392374489137,188.15363539883504
Zara,Red,Jeans,83.3500771677965,158.76714786939573
Under Armour,Orange,Scarf,54.618047048789066,193.73393091706748
Prada,Green,Sweater,156.81255558824387,198.37410412839805
Dior,Pink,Scarf,380.99173915038995,454.6304416776398
Puma,Brown,Hat,116.01359932910987,159.52405023348757
Adidas,Purple,Jeans,104.7918953302187,185.1289644899863
Nike,Pink,Sandals,72.49026420695452,187.38624265677663
Armani,Brown,Underwear,236.8428575240638,239.81343736355828
Armani,Brown,Polo Shirt,427.0713012282977,227.28263219483296
Nike,Black,Jewelry,43.76459016598888,169.1773916486702
Nike,Brown,Shorts,121.21930976565083,190.59516030336863
Nike,Yellow,Slippers,109.00153822736354,182.3571618437763
Dior,Yellow,Boots,555.2231765092853,366.6972227225597
Prada,Green,Sandals,555.0878979628377,356.11063522131394
Gucci,Yellow,Jewelry,166.9376908741636,200.2942650844254
Ralph Lauren,Black,Shoes,348.98863604394137,326.839213018862
Calvin Klein,Purple,Slippers,475.80284908901035,401.12365172444834
Nike,Red,Polo Shirt,49.27899195307654,188.43544980677103
Armani,Purple,Sandals,377.917031243075,404.7729055929884
Puma,Orange,Hat,119.47344393894797,196.7365983768161
Gucci,Black,Shoes,532.2713414491598,587.7859267589118
Adidas,Yellow,Sweater,71.31448326885408,150.15171159172058
Adidas,White,Slippers,264.9987256405054,258.2890434053327
Nike,Orange,Skirt,113.94115304781852,140.01051983740894
Tommy Hilfiger,Orange,Gloves,205.9125728752253,235.40273356066888
Nike,White,Hoodie,44.967522952434464,195.66418405653826
Armani,Blue,Skirt,198.43493682113535,226.68494744012534
Calvin Klein,Brown,Dress,206.0195917912073,238.80981392446765
Prada,Brown,Hoodie,337.3637261880082,374.3154317049455
Calvin Klein,Green,T-Shirt,176.04316909299115,208.37803416301736
Levis,Purple,Underwear,89.25595333721412,132.3254249571502
Under Armour,Red,Boots,73.73017094744453,153.8341935229582
Nike,Brown,Bra,26.901174000422124,46.67608980868504
Versace,Green,Jewelry,245.90127146204375,290.08973744175813
Lacoste,Purple,Jewelry,253.22981937322297,293.478771897663
Puma,Purple,Hoodie,134.6859821770533,179.92878301318197
Nike,Pink,Sandals,68.11331068182912,163.45758050624318
Calvin Klein,Pink,Slippers,357.9165279729823,323.4786612264809
Gucci,Orange,Dress,354.3160070070626,213.75056869534262
Puma,Blue,Sweater,63.32649475121086,86.21013756080863
Calvin Klein,Orange,Sweater,239.37007203036148,227.14926879345867
Levis,Red,Scarf,123.45038316955555,188.21389909575242
Levis,Black,Hoodie,210.95556240493292,240.72444886617552
Prada,Pink,Shoes,579.1401989627378,352.9599106013748
Calvin Klein,White,Jeans,141.1673035084988,194.86102907349385
Under Armour,Brown,Jacket,97.48707914709168,198.33066789245294
Puma,Green,Skirt,186.445914380929,205.98577484915296
Nike,Black,Scarf,51.575179988569985,164.00085363001068
Under Armour,Blue,Sandals,134.35537957165917,179.52898055728176
Ralph Lauren,Brown,Scarf,105.84774948686587,190.18837124272514
Ralph Lauren,Black,Dress,128.5188040863262,193.41752807717822
Versace,Blue,Underwear,159.15432640140443,198.67931918373634
Armani,White,Slippers,242.34181579232802,252.9397597821105
Nike,White,Boots,132.90607109348798,181.70694661498993
Tommy Hilfiger,Pink,Polo Shirt,154.1701978329404,198.8866214870496
H&M,Pink,Jewelry,9.433264749715205,138.50545940977406
Nike,Blue,Jeans,71.18501903720792,143.02055113675704
Calvin Klein,White,Underwear,146.5955994097347,178.17525475398187
Reebok,Red,Sandals,272.0676373869373,206.7230197961201
Dior,Red,T-Shirt,216.71749544118896,244.66295988084534
Versace,Blue,Underwear,237.25404244033234,266.9530888196208
Adidas,Purple,Polo Shirt,148.2781405801158,181.1781549795183
Nike,Purple,Dress,118.13327646762028,183.9032857766673
Prada,Blue,Boots,212.92525430820876,226.35869566749568
Calvin Klein,Orange,Shoes,495.23012030764096,558.3597243318151
Gucci,Red,Jacket,333.40329216651634,283.342323048626
Levis,Yellow,T-Shirt,202.8273265855383,236.58539882811567
Puma,Green,Shorts,143.55271705813848,182.38940230066305
Dior,Blue,T-Shirt,436.66415376570546,319.1923879179035
H&M,Green,Dress,27.365383854800477,106.92581208758034
H&M,Orange,Sandals,69.28407487222394,192.80161248533784
H&M,Pink,Jacket,19.10249081528582,181.43247553829812
Burberry,White,T-Shirt,279.57500087226396,201.9705642650927
Adidas,Red,Jeans,135.57518436797199,191.97175542844343
Armani,Black,Gloves,324.6038411297051,323.1336663217467
Ralph Lauren,Purple,Dress,355.2766757119988,374.0497509389267
Tommy Hilfiger,Blue,Scarf,144.73999325190056,189.34627129713928
Burberry,Pink,Boots,244.26039336745373,266.2413178248534
Reebok,Yellow,T-Shirt,196.82104560318908,218.44190713661993
Puma,Purple,Jewelry,134.6859627383644,163.74477997181592
Prada,Black,Boots,239.22792677006407,275.03236540799315
Chanel,Brown,Scarf,222.19901169831343,207.73796795915936
Versace,Black,Scarf,171.3294980193603,203.0793727029861
Calvin Klein,Purple,Slippers,287.90808133647164,310.03206663247823
Dior,Green,T-Shirt,221.45994972496828,221.38493913495165
Armani,Orange,Jeans,380.0619292029415,359.4662688456755
Reebok,Green,Hat,116.54564788013386,165.47474291994354
Nike,Pink,Scarf,29.35058722559295,133.40454078014574
Levis,Red,Boots,336.7106962883112,345.4453493890071
Dior,Purple,Scarf,356.47080457294317,384.2782374342344
Chanel,White,T-Shirt,416.12304588244825,486.9568736564934
Armani,Pink,Polo Shirt,222.17210397821336,246.9978603139471
Ralph Lauren,Orange,Underwear,137.05215930303714,175.0472018683328
Zara,Pink,Polo Shirt,41.65684701977922,61.63736573321713
Zara,Black,Hoodie,28.791007783282268,59.75934754739912
Gucci,Black,Bra,184.62641472502236,206.85918390363636
Dior,Orange,Jeans,427.22211941716455,508.32878818077967
Lacoste,Purple,Hat,217.18207543621457,210.88640557729823
Dior,Purple,Jacket,196.26577953234047,223.12728632715027
Zara,Brown,Dress,32.97945026617334,119.55535240132318
Gucci,Purple,Polo Shirt,338.2359006718191,304.2426071931944
Dior,Orange,Socks,274.22106762467894,245.69656441896257
Armani,Orange,Sweater,379.1431244247336,357.9091658411743
Chanel,Purple,Bra,196.39072307841573,228.88286262245714
Nike,Green,Shoes,60.075606180402445,137.5029608925579
Lacoste,Blue,Slippers,436.98650595796977,342.2976909540065
Reebok,White,Sandals,107.57569478224775,145.6907213743515
Levis,Orange,Gloves,195.6460483196924,214.52089635008582
Adidas,Orange,Jacket,59.11957678642421,124.06683429245226
Under Armour,Purple,Dress,171.04987853193055,203.3153876457316
H&M,Red,Jewelry,25.885034168303914,31.638320299855813
Levis,Red,Underwear,89.70798632808818,112.60329366646462
Armani,Brown,Sweater,466.54661277173585,239.1052257786056
Reebok,Black,Polo Shirt,133.1527643103604,183.83500381649333
Under Armour,Pink,Sweater,83.60352826023887,104.90105744134904
Levis,Blue,Scarf,126.72374851922172,172.18101407811994
Levis,Black,Slippers,302.7627762814635,335.15281227811863
Reebok,Black,Skirt,159.70019692021927,193.29665593132867
Adidas,Red,Dress,186.89446227122957,203.5889689909847
Reebok,Blue,Scarf,129.71324184203166,158.48111231531558
Puma,Orange,Socks,112.28957108815297,136.61124602110084
Calvin Klein,Black,Jacket,232.68736436787106,244.84467252441277
H&M,Orange,Dress,51.05408584294822,194.9342404998938
Ralph Lauren,Blue,Polo Shirt,178.86200588514475,203.2398203064829
Lacoste,Green,Gloves,209.82995855209302,216.1036882389664
Reebok,Pink,Sweater,119.18756320685317,143.32561397708562
Nike,Blue,Hat,56.11899191149588,102.25088234468623
Dior,Orange,Underwear,343.6803445876278,320.64312225680476
Chanel,Pink,Socks,184.16340004320668,210.57299497624
Puma,White,T-Shirt,170.59520533826839,200.08553459164412
Adidas,Yellow,Sandals,123.75433741948464,157.3693315731872
Under Armour,Pink,Boots,142.9041941219441,173.73979486156375
Nike,Blue,Shoes,152.43651092313544,184.49935484220399
Zara,Yellow,Slippers,53.6431148491782,128.1859071885744
Reebok,Brown,Hoodie,160.87194451339548,199.75111085820706
Reebok,Brown,Jacket,72.12088637279017,165.8535941775243
Under Armour,Orange,Socks,62.512579055190805,179.97007091768108
Chanel,Black,Slippers,421.81064830742844,374.60685619471667
Dior,Brown,Skirt,534.5637320338759,424.97075174523616
Calvin Klein,Orange,Boots,216.69143434516388,223.37794971208825
Nike,Pink,Sandals,51.742391656356716,110.25930486483551
Tommy Hilfiger,Green,Sweater,189.7454751218932,219.26798998542995
Lacoste,Pink,Gloves,151.6030819194297,195.79295079447425
Nike,Yellow,Scarf,58.98965270819834,78.2279808393379
Gucci,Blue,Jewelry,279.11710077739946,328.2947000624143
Puma,Blue,Polo Shirt,105.96452353017355,174.1506653702104
Zara,Yellow,Gloves,11.311652306845076,198.65751690106896
Puma,Yellow,Scarf,52.08252305156088,166.72199351148333
Tommy Hilfiger,Pink,Shoes,385.23154233695254,454.7499141677115
Ralph Lauren,Black,Dress,272.21575607995374,207.29226762012456
Lacoste,Green,Underwear,113.57316471423813,150.7360604941012
Burberry,Black,Socks,182.32835127454177,206.48194433555193
Zara,Red,Gloves,26.190180359471945,96.69382795599391
Calvin Klein,Brown,Shorts,167.07563272668474,200.34404468775486
Gucci,Orange,Shorts,388.4816983664814,378.6033975614316
Lacoste,Red,Sandals,439.1813705952041,402.45672864548465
Versace,Purple,Jewelry,146.33354883056197,187.57800638931587
Burberry,Blue,Hat,358.28428384990883,370.6700962977305
Chanel,Blue,Shoes,318.297893078627,307.5297500881108
Dior,Black,Scarf,416.9145015993604,327.1289471888721
Levis,Blue,Shorts,254.92155405887897,236.6876835556282
Versace,Brown,Polo Shirt,303.66704524620457,296.05778943612347
Calvin Klein,Green,Scarf,163.46746226424835,199.46759331523893
Armani,White,Jacket,237.1703814694826,229.57428353961052
Puma,Orange,Socks,101.05641698705006,182.99959650963962
Adidas,Black,Skirt,79.85290444666646,106.23321097535154
Adidas,Yellow,Underwear,72.46355154102707,192.89107498227537
Under Armour,White,Jeans,85.64004786293614,185.15158971773056
Gucci,Red,Gloves,211.33395680783906,216.40745292064366
Armani,White,Gloves,313.0629038329257,307.0919244774959
Tommy Hilfiger,Purple,T-Shirt,259.7232687672615,202.95108732017997
Nike,Yellow,Socks,29.310280355969976,125.44008752806747
Ralph Lauren,Yellow,Sweater,181.6356638643305,215.5818928221666
Levis,Blue,Scarf,84.3015353602781,131.75746080989634
H&M,Brown,T-Shirt,16.687782169501357,92.57808596732886
Chanel,Black,Dress,429.32803910668827,471.9387501731987
Nike,Black,Gloves,62.40842975613476,178.6334814349816
Nike,Red,Underwear,22.093583138684583,187.38898352393875
Burberry,Purple,Slippers,215.4242269618613,241.43841226911573
Nike,Yellow,Underwear,22.5753374203789,153.14198872427016
Prada,Pink,Jeans,457.42440562535296,212.98257627966922
Burberry,Blue,Jacket,263.1933680943297,275.0839412025331
Tommy Hilfiger,Black,Shoes,114.700348167508,145.615679617814
Nike,Yellow,Shorts,117.5227587090524,152.46349158655016
Burberry,Black,Jeans,336.284965884627,381.67975404603476
Armani,Red,Polo Shirt,164.47581078752575,197.81507508417388
Tommy Hilfiger,Green,Sandals,143.55252152254707,180.48650790216658
Versace,Orange,Jeans,174.03199388062035,204.10658568821472
Armani,Purple,Hoodie,242.463277726102,257.4070910369254
Lacoste,Blue,Socks,163.30286484249936,196.3706011476849
Reebok,Purple,Hoodie,197.33941540658947,216.68334960794934
Armani,Brown,Polo Shirt,316.99518613823545,367.2256714886563
H&M,Orange,Polo Shirt,49.51110234505786,189.6653985246739
Nike,Black,Boots,182.88203433260261,212.35509572737814
Prada,Pink,Skirt,430.07659763125486,219.03760943445047
H&M,Brown,T-Shirt,18.248210705220544,44.81257606403093
Versace,Red,Shorts,245.48805781484066,288.7625503598462
Zara,Orange,Socks,16.146621133318334,35.120649777239784
Chanel,Green,Jacket,195.72658700347012,225.2640352056992
Levis,Green,Scarf,83.99783750011355,172.30058795589218
Levis,Orange,Polo Shirt,199.54244494262116,201.5171948345896
Nike,Blue,Sweater,35.55010242592623,67.30915381340395
Gucci,Yellow,Socks,126.38756275876929,186.60764043964224
Ralph Lauren,Green,Bra,93.60602260125881,151.13228569861096
Nike,Red,Jeans,133.45012987193167,172.7697224628276
Gucci,Purple,Shoes,517.954426332913,280.1537762258322
Ralph Lauren,Yellow,Boots,350.39196732243215,235.82036141330292
Lacoste,Yellow,Hat,153.23901014940935,196.12841765447862
Ralph Lauren,Pink,Bra,108.08451450569548,190.18357532935678
Tommy Hilfiger,Red,Scarf,86.91173818868504,191.49154915843295
Puma,Purple,Hoodie,61.86691697264035,90.23856176526553
Prada,White,Bra,139.64644735772094,176.05854019566223
Dior,Brown,Polo Shirt,198.3475000343535,234.55590651429998
Levis,Black,Skirt,297.87820100456804,288.0827589774243
Reebok,Orange,Hat,62.44302124707572,103.04969438558153
Dior,White,Boots,257.2016809368203,200.70797318588401
Under Armour,White,Jacket,81.33359679854706,145.05626510275442
Gucci,Blue,Jewelry,133.50697577830155,180.98363750321272
Burberry,Blue,Shoes,745.3890696972353,514.4959461654973
Gucci,Green,Hat,141.9559078064653,195.89907794777213
H&M,White,Sweater,33.121876305947296,91.16968767616791
Lacoste,Orange,Shorts,250.95499112032778,249.95394171545638
Ralph Lauren,Orange,Dress,270.8224862019713,270.48123775937404
H&M,Pink,Socks,12.522036956172297,155.6663418238758
Lacoste,Yellow,Boots,403.02286597505844,317.7677563005186
Calvin Klein,Purple,Underwear,224.36014782582077,236.70773210414535
Nike,Pink,Slippers,172.3805735606104,202.84622980430794
Gucci,Purple,Scarf,173.47942397328927,202.41659714866194
Puma,White,Jeans,129.55357845489658,170.18506931915545
H&M,Red,Scarf,29.84915128270828,95.17675805060412
Levis,Red,Scarf,134.98750916114915,169.76739207490405
Ralph Lauren,Orange,Boots,414.2824111217644,256.0353076769487
Levis,Green,Shoes,329.170009345823,363.7420207972371
Calvin Klein,Black,Hat,210.02646119505974,232.81855321870148
Tommy Hilfiger,Red,Jeans,272.8230707488369,289.0425008956214
Puma,Yellow,Polo Shirt,110.14912060252561,198.3869507929104
Levis,Purple,Sandals,384.1009332636725,292.2068953346053
Versace,Black,Boots,334.20065593424374,314.9329631282503
Under Armour,Black,Gloves,59.44353086436979,94.47308327316176
Ralph Lauren,Orange,Sandals,454.1608866096332,413.75109916697073
Gucci,Purple,Slippers,505.6992485445649,208.20704786394225
Armani,Green,Jacket,415.9531172953541,476.684014473365
Nike,Blue,Slippers,165.1968086323358,198.84969177315614
Under Armour,Purple,Socks,70.93057900816726,90.63654317496052
Zara,Yellow,Jacket,67.27642168517562,153.7773592585446
Versace,Purple,Shoes,585.2738363006378,341.18897565272863
Ralph Lauren,Black,Shoes,143.71992164728346,174.6614353800399
Gucci,Blue,Jacket,320.76307044630266,353.31290303402636
Under Armour,White,Jewelry,78.99257745645812,125.49997336255784
Zara,Brown,Hoodie,45.3824025251956,141.17322755303903
Puma,Orange,Scarf,109.0583636278046,176.90696792104148
Lacoste,White,Jeans,322.4735107005202,284.0527903786075
Armani,Purple,Jacket,311.33505461556064,308.6187505464761
Nike,Green,Dress,149.69284156223551,182.33764157605486
Dior,Orange,Socks,185.5251259372377,205.09135257440545
Versace,Pink,Sandals,398.14242941372356,381.5216192182163
Versace,Purple,Jeans,374.7120442441226,397.77428868674633
Chanel,Blue,Sandals,215.45165375255928,244.33557557127713
Tommy Hilfiger,White,Dress,240.73403750083313,219.56710773095142
Zara,Blue,Boots,90.21114064737723,127.44969419129936
Versace,Pink,Boots,257.0742978647917,257.54316038567976
Nike,Purple,Slippers,119.36016551513279,181.39078468603572
Armani,Brown,Underwear,186.4701546784035,214.17339822561362
Dior,White,Boots,785.7864667787709,872.9256926267396
Reebok,Pink,Hat,103.00229063076628,162.06902192334604
Reebok,Black,Gloves,101.73849641600226,174.56854199222252
Zara,Blue,Hat,30.317072587327345,138.55728035337918
Under Armour,Green,Jewelry,49.35876416555111,149.30928169334246
Burberry,Pink,Jeans,434.9782515096645,240.24577421176497
Calvin Klein,Orange,Bra,226.99946339853972,217.24413306315878
Reebok,Brown,Socks,126.0906229742334,164.485749283092
Puma,Orange,Socks,50.25296383789986,130.83458752207906
Chanel,Green,Socks,226.89401724512408,220.3547619988006
Dior,Green,Boots,502.9719008579761,378.71108414715263
Adidas,Black,Jeans,179.25208876645274,209.88883251892386
Reebok,Black,Polo Shirt,146.32161472011643,194.84829298559129
H&M,White,Socks,8.7618689268504,126.66568404649864
Burberry,Blue,Sweater,515.2712253656287,235.599713761112
Dior,Blue,Skirt,343.9114600756757,376.1220103434289
Under Armour,Purple,Socks,76.88350727188583,104.67571615753192
Versace,Orange,Scarf,315.1017120944456,203.81736417763688
Reebok,Pink,Slippers,117.00243488626887,142.4268787246763
H&M,Yellow,Hoodie,28.932579358044567,127.85261304081781
Dior,Green,Hoodie,344.9908509468868,325.0999748390022
Armani,Green,Dress,450.63562692402144,404.02965205697126
Zara,Purple,Skirt,91.81329797312623,144.9929453355818
Gucci,Red,Sandals,574.908624562315,606.3617965541032
Chanel,Orange,Jeans,378.994523235446,432.80071709742026
H&M,Pink,Skirt,32.39207426901532,121.88672065210739
H&M,Purple,Jewelry,13.57474759091369,161.0337151401445
Lacoste,Yellow,Shorts,212.4571135676348,223.71593269157452
Nike,Green,Jewelry,49.60741126267972,110.7142006096363
Prada,Pink,Shoes,217.41123414995133,216.73703374337208
Zara,Purple,Jacket,57.955341184738806,145.58096723853765
Zara,White,Shorts,70.3666469979361,118.04732955555338
Nike,Black,Boots,151.50391004934858,188.77259170044533
Levis,Brown,Underwear,156.35081845528526,197.3700595385177
Puma,Blue,Polo Shirt,74.10992578782205,191.03455309594045
Nike,Black,Hat,54.04824298254556,80.09188685657307
Tommy Hilfiger,Orange,Shoes,256.34031932499215,255.75374583070436
Zara,Purple,Boots,114.47287614854976,161.99853532680714
Zara,Orange,Polo Shirt,31.16388520412999,184.08848735830503
Levis,Red,Underwear,154.376875023859,191.60812573321417
H&M,White,T-Shirt,27.519112500461375,94.04104424372824
H&M,Brown,Hat,28.041210030080467,169.28733145620458
Tommy Hilfiger,Blue,Socks,100.39311161413909,142.45676390371239
Versace,Orange,Sandals,417.68451599718026,202.2114636226412
Under Armour,Red,T-Shirt,78.1934105745449,131.64108376693278
Under Armour,Black,T-Shirt,58.296201424956145,187.61030675193533
Levis,Pink,Scarf,150.20514899249852,196.52364783244263
Reebok,White,Shoes,350.93060828576535,261.8104217775374
Zara,Blue,Shoes,88.71156452226087,112.17887149613163
Nike,Orange,Underwear,28.224748228416395,156.89896568438502
Chanel,Purple,Boots,495.7604637545426,463.5851630991633
Zara,Blue,Hat,35.36737802064688,186.00180847779868
Dior,Purple,Hoodie,327.5327785919178,228.31905701019411
Armani,Black,Hoodie,447.2928275276643,460.13851014666966
H&M,Purple,Socks,6.465290080036414,192.04343464335471
H&M,Blue,Jewelry,20.73632292541869,29.51338179352584
Levis,White,Dress,198.08345457698857,202.44480134153247
Dior,Green,Gloves,215.51345356486445,254.84615799663823
Dior,Red,Underwear,303.98074873426094,353.98887990521115
Versace,Black,Socks,285.0443221796693,279.4515908066338
Dior,Brown,Shorts,263.03351118876213,282.3564659758546
Armani,Red,Jewelry,211.76263381420472,236.37534787837203
Puma,Brown,Sweater,82.9658832005369,122.94806502223518
Burberry,Purple,Slippers,680.3461478359231,701.0519485303209
Prada,White,Shoes,168.03809277007548,200.81311727049575
Lacoste,Orange,Slippers,176.85599720079125,210.44117168676703
Prada,Green,Sweater,282.79161005697864,224.21410857725763
Under Armour,Brown,Skirt,155.52519771271437,195.46749741920902
Ralph Lauren,Black,Gloves,92.06781547625492,158.59932276510682
Levis,Purple,Hat,96.25868929823642,127.710538039325
Adidas,White,Hoodie,70.85100723362171,113.0523488125503
Lacoste,Black,Hoodie,183.10919737916674,206.9058680931373
Adidas,Yellow,Slippers,141.27029053419741,182.68112460298934
Nike,Pink,Gloves,26.419461480214004,80.3988581626669
Reebok,Red,Scarf,153.18640644691385,198.35796359896725
Lacoste,Blue,Shoes,230.73606841950482,243.19728667260998
Dior,Pink,T-Shirt,370.57427230551474,329.543222587528
Under Armour,Black,Gloves,75.68350839574846,173.37670158583973
Puma,Yellow,Hat,53.87598043703215,188.16614549890363
Adidas,Black,Socks,92.83134868107629,162.3546413861934
Gucci,Red,Slippers,228.57000567727016,248.32895838828608
Reebok,Brown,Bra,68.57769298903632,89.71662970479727
Nike,Green,Shoes,170.64611411863126,201.64322243621237
Reebok,Brown,Jeans,217.21255668628953,256.58890900434267
Ralph Lauren,White,Skirt,301.16087928334457,256.55531990802956
Tommy Hilfiger,Orange,Jewelry,136.05745535468722,197.4341280710125
Ralph Lauren,Red,T-Shirt,286.15699509185964,305.7018165509138
Lacoste,Orange,Polo Shirt,203.45054996631944,238.53872659187164
Adidas,White,Polo Shirt,137.28383874574558,173.40824310409835
Versace,Brown,Boots,179.2726601114051,214.13625159119442
Under Armour,Green,T-Shirt,102.32022203034118,198.19555623296662
Tommy Hilfiger,Yellow,Slippers,164.66444063947222,198.31797476115997
H&M,Purple,Boots,34.52777802401968,186.14574671085342
Adidas,Blue,Scarf,68.74912394677355,185.18053201295103
Nike,Green,Sandals,194.71581495065143,231.5813297272496
Dior,Yellow,Bra,250.1223449093418,276.72615718415756
Armani,White,Slippers,266.87118849046215,268.0295959945309
Lacoste,Brown,Jacket,218.58132841997116,202.86077525766916
Chanel,Black,Hat,369.92301503808426,268.02028556552864
Prada,White,Underwear,194.11693389080793,217.4825955705085
Adidas,Orange,Shoes,245.05600179218132,224.02865132857178
Lacoste,Blue,Jacket,182.65021247092585,207.2609846309649
H&M,White,Hoodie,25.46418436793266,105.36408244722143
Dior,Black,Underwear,360.09212877706915,423.19157121223515
Prada,Blue,Underwear,174.72209880585226,202.75763561040793
Tommy Hilfiger,Pink,Socks,105.28906770671578,130.34455953830872
Chanel,Green,Hat,257.6106558186726,245.7412879801038
H&M,Red,Jewelry,24.7235528587295,116.78946299283271
Chanel,Green,Shorts,374.73360097655825,305.4003107683627
Burberry,Pink,Jewelry,235.59560341472434,247.73611769743098
Lacoste,Pink,Hat,242.4136161178453,238.7719982793952
Ralph Lauren,Yellow,Jeans,162.68458893567882,197.99758616808003
H&M,White,Scarf,28.045655138933693,149.13331840484977
Under Armour,Blue,Sweater,61.12374640374717,129.09471549323356
Levis,Orange,Hat,196.12640790028314,219.21064883298052
Puma,Green,Jacket,91.30972434510188,117.12716575333079
Lacoste,Blue,T-Shirt,112.59015976744202,183.06209928689594
Dior,Purple,Jeans,478.05377198994006,386.96350271876724
Tommy Hilfiger,Green,Shoes,323.8865812099746,356.6368603548478
Nike,Purple,Hoodie,67.7340502218897,88.65821056333951
